{
  "code": 1,
  "data": {
    "pie2": [
      40,
      60
    ],
    "radar": {
      "text": [
        "盈利能力",
        "发展水平",
        "融资能力",
        "技术能力",
        "企业规模"
      ],
      "list": [
        [
          90,
          80,
          20,
          10,
          30
        ],
        [
          30,
          20,
          75,
          80,
          70
        ]
      ]
    },
    "bar": {
      "xAxis": [
        "1月",
        "2月",
        "3月",
        "4月",
        "5月",
        "6月",
        "7月",
        "8月",
        "9月",
        "10月",
        "11月",
        "12月"
      ],
      "data1": [
        231,
        485,
        421,
        197,
        396,
        457,
        80,
        204,
        181,
        189,
        386,
        315
      ],
      "data2": [
        355,
        170,
        153,
        136,
        252,
        305,
        336,
        296,
        405,
        282,
        323,
        47
      ],
      "data3": [
        51,
        346,
        398,
        47,
        275,
        309,
        173,
        307,
        33,
        161,
        457,
        104
      ]
    },
    "textNum1": 1.9568785408E8,
    "title": "标题名称",
    "pie3": [
      {
        "value": 1048,
        "name": "Search Engine"
      },
      {
        "value": 735,
        "name": "Direct"
      },
      {
        "value": 580,
        "name": "Email"
      },
      {
        "value": 484,
        "name": "Union Ads"
      },
      {
        "value": 300,
        "name": "Video Ads"
      }
    ],
    "line": {
      "xAxis": [
        "8:00",
        "9:00",
        "10:00",
        "11:00",
        "12:00",
        "13:00",
        "14:00",
        "15:00",
        "16:00",
        "17:00",
        "18:00",
        "19:00",
        "20:00",
        "21:00",
        "22:00"
      ],
      "data": [
        220,
        36,
        84,
        482,
        325,
        119,
        164,
        328,
        236,
        372,
        314,
        474,
        131,
        101,
        324
      ]
    },
    "pie": [
      20,
      80
    ]
  },
  "message": "操作成功",
  "timestamp": 1708573107161
}
