{
  "code": 1,
  "data": {
    "id": 59,
    "source": null,
    "name": "未命名可视化大屏",
    "type": 4,
    "data": "{list:[{type:\"line\",position:{width:400,height:300,left:\"230px\",top:\"125px\"},option:{xAxis:{type:\"category\",data:[\"Mon\",\"Tue\",\"Wed\",\"Thu\",\"Fri\",\"Sat\",\"Sun\"]},yAxis:{type:\"value\"},grid:{left:0,top:0,right:0,bottom:30},series:[{data:[150,230,224,218,135,147,260],type:\"line\"}]},config:{}}],config:{width:\"1920px\",height:\"1080px\",background:\"#000\",style:\"\",primary:\"#409eff\"}}",
    "listData": null,
    "status": null,
    "updateDate": "2024-02-04T14:54:41.000+00:00",
    "creatDate": "2024-02-04T14:54:41.000+00:00",
    "dict": null,
    "category": null,
    "creatUserId": 1,
    "editUserId": null,
    "roleId": null,
    "remark": null,
    "icon": null
  },
  "message": "操作成功",
  "timestamp": 1707058492979
}