{
  "code": 1,
  "data": {
    "id": 56,
    "source": null,
    "name": "未命名可视化大屏",
    "type": 4,
    "data": "{list:[{type:\"bar\",position:{width:400,height:300,left:\"86px\",top:\"104px\"},option:{title:{text:\"{{getScreenGlobal.title}}123\"},xAxis:{type:\"category\",data:[]},yAxis:{type:\"value\"},grid:{left:0,top:50,right:0,bottom:30},series:[{data:[],type:\"bar\"}]},config:{optionsType:1,method:\"post\",requestUrl:\"demoEchartsData\"},events:{beforeFetch:(data, route) =>\r\n      {\r\n        // data请求参数，route当前路由信息\r\n        console.log('beforeFetch', data)\r\n        return data\r\n      },afterFetch:(res, data) =>\r\n      {\r\n        // res响应数据, 当前组件数据data\r\n        console.log('当前组件数据', data)\r\n        console.log('接口响应数据', res)\r\n        //下面两行是重点，将接口返回的数据赋值级当前组件\r\n        //data.xAxis.data = res.bar.xAxis\r\n        data.xAxis.data = getScreenGlobal.bar.xAxis // 使用全局的\r\n        data.series[0].data = res.bar.data1 //　使用当前接口\r\n        return data //返回新的图表数据\r\n      }}}],config:{width:\"1920px\",height:\"1080px\",background:\"#000\",style:\"\",primary:\"#409eff\",requestUrl:\"demoEchartsData\",method:\"post\"}}",
    "listData": null,
    "status": null,
    "updateDate": "2024-02-22T05:39:53.000+00:00",
    "creatDate": "2024-01-21T09:22:26.000+00:00",
    "dict": null,
    "category": null,
    "creatUserId": 1,
    "editUserId": 1,
    "roleId": null,
    "remark": null,
    "icon": null
  },
  "message": "操作成功",
  "timestamp": 1708580406571
}
